{
    "furniture": [
        {
            "id": 1,
            "name": "Philips Exterior Lamp",
            "img": "https://images.unsplash.com/photo-1697162552771-df4eb0844a85?q=80&w=715&auto=format&fit=crop&ixlib=rb-4.1.0&ixid=M3wxMjA3fDB8MHxwaG90by1wYWdlfHx8fGVufDB8fHx8fA%3D%3D",
            "description":"This Philips exterior lamp will help brighten any outdoor spaces around your property, with its sleek and natural design.",
            "price":"$65.99",
            "numberAvailable":"11"
        },
        {
            "id": 2,
            "name":"Osram Pendant lights - White",
            "img": "https://images.unsplash.com/photo-1502471735958-b502f65c9f2d?q=80&w=627&auto=format&fit=crop&ixlib=rb-4.1.0&ixid=M3wxMjA3fDB8MHxwaG90by1wYWdlfHx8fGVufDB8fHx8fA%3D%3D",
            "description":"Fill your home with these Osram pendant lights to spice up your house. They are made from steel, with a high-quality wire to hold them up, with each weighing 1.5 pounds. ",
            "price":"$59.99",
            "numberAvailable":"30"
        },
        {
            "id": 3,
            "name":"Nichia Wall Lamp",
            "img": "https://plus.unsplash.com/premium_photo-1668005190411-1042cd38522e?q=80&w=687&auto=format&fit=crop&ixlib=rb-4.1.0&ixid=M3wxMjA3fDB8MHxwaG90by1wYWdlfHx8fGVufDB8fHx8fA%3D%3D",
            "description":"A Nichia wall lamp made of brass, with a hand design as the base. This lamp weighs only 2 pounds as the base is hollowed for weight reduction.",
            "price":"$119.99",
            "numberAvailable":"5"
        },
        {
            "id": 4,
            "name":"Artika Chandelier",
            "img": "https://images.unsplash.com/photo-1501640502148-ded39ee140a2?q=80&w=1173&auto=format&fit=crop&ixlib=rb-4.1.0&ixid=M3wxMjA3fDB8MHxwaG90by1wYWdlfHx8fGVufDB8fHx8fA%3D%3D",
            "description":"Need something to wow people as they enter your home? This golden Artika chandelier is what you want. It is made of copper and is gold plated, which results in a weight of 18 lbs.",
            "price":"$499.99",
            "numberAvailable":"4"
        },
        {
            "id": 5,
            "name":"Urban Barn Dining Room Set",
            "img": "https://images.unsplash.com/photo-1599327286062-40b0a7f2b305?q=80&w=687&auto=format&fit=crop&ixlib=rb-4.1.0&ixid=M3wxMjA3fDB8MHxwaG90by1wYWdlfHx8fGVufDB8fHx8fA%3D%3D",
            "description":"This modest table and chair set is great for compact spaces, and it seats up to 4. Both the table and chairs are made from teak, with metal supports to help keep them sturdy.",
            "price":"$389.99",
            "numberAvailable":"6"
        },
        {
            "id": 6,
            "name": "Mateo Dining Room Set",
            "img": "https://images.unsplash.com/photo-1602872030490-4a484a7b3ba6?q=80&w=1170&auto=format&fit=crop&ixlib=rb-4.1.0&ixid=M3wxMjA3fDB8MHxwaG90by1wYWdlfHx8fGVufDB8fHx8fA%3D%3D",
            "description":"Looking to modernize your home? Look no further than this luxury Mateo Dining Room set. Made from treated maple, Mateo craftsmen created this unique table. The chairs are also made from maple, however they have leather cushions.",
            "price":"$1599.99",
            "numberAvailable":"3"
        },
        {
            "id": 7,
            "name": "Crate & Barrel Dining Room Set",
            "img": "https://images.unsplash.com/photo-1610177567940-cad90e9fb85e?q=80&w=687&auto=format&fit=crop&ixlib=rb-4.1.0&ixid=M3wxMjA3fDB8MHxwaG90by1wYWdlfHx8fGVufDB8fHx8fA%3D%3D",
            "description":"Check out this exquisite table and chairs, made by Crate & Barrel. The base of the table is made of high-quality steel, and the face of it is made from treated oak. The chairs are made from the same high-quality steel, and they have leather cushions for comfort.",
            "price":"$2499.99",
            "numberAvailable":"2"
        },
        {
            "id": 8,
            "name":"EQ3 Dining Room Set",
            "img": "https://images.unsplash.com/photo-1533090481720-856c6e3c1fdc?q=80&w=688&auto=format&fit=crop&ixlib=rb-4.1.0&ixid=M3wxMjA3fDB8MHxwaG90by1wYWdlfHx8fGVufDB8fHx8fA%3D%3D",
            "description":"This compact table and chairs is great for a small living space, or for a cafe. It comes with two chairs, as the table cannot seat more than that. The table and chairs are made from teak with metal supports.",
            "price":"$239.99",
            "numberAvailable":"7"
        },
        {
            "id": 9,
            "name": "Wooten Armchair",
            "img": "https://images.unsplash.com/photo-1617364852223-75f57e78dc96?q=80&w=666&auto=format&fit=crop&ixlib=rb-4.1.0&ixid=M3wxMjA3fDB8MHxwaG90by1wYWdlfHx8fGVufDB8fHx8fA%3D%3D",
            "description":"Need a new chair? This Wooten armchair is what you want. The wooden base is made from beautiful mahogany, and linen for the fabric. This chair will go great in most rooms, as it comes in white, black, and grey.",
            "price":"$79.99",
            "numberAvailable":"12"
        },
        {
            "id": 10,
            "name":"Herman Miller Mirra 2",
            "img": "https://images.unsplash.com/photo-1688578735427-994ecdea3ea4?q=80&w=687&auto=format&fit=crop&ixlib=rb-4.1.0&ixid=M3wxMjA3fDB8MHxwaG90by1wYWdlfHx8fGVufDB8fHx8fA%3D%3D",
            "description":"Looking for the best office chair money can buy? Look no further than this office chair from the brand that has sat at the top of this industry for over 20 years Herman Miller. With unparalleled ergonomics, comfort, and durability there is no better option. This product also comes with the manufacturer's standard 15-year warranty.",
            "price":"$1899.99",
            "numberAvailable":"4"
        },
        {
            "id": 11,
            "name":"Ashley Drakelle Accent Chair",
            "img": "https://images.unsplash.com/photo-1579656381229-15bdb188da49?q=80&w=687&auto=format&fit=crop&ixlib=rb-4.1.0&ixid=M3wxMjA3fDB8MHxwaG90by1wYWdlfHx8fGVufDB8fHx8fA%3D%3D",
            "description":"Need an additional seat for your living space? Look no further than the Ashley Drakelle Accent chair. The base is made from mahogany, and the chair is covered with leather for durability and comfort.",
            "price":"$479.99",
            "numberAvailable":"2"
        },
        {
            "id": 12,
            "name": "Haworth Office Chair",
            "img": "https://images.unsplash.com/photo-1612372606404-0ab33e7187ee?q=80&w=678&auto=format&fit=crop&ixlib=rb-4.1.0&ixid=M3wxMjA3fDB8MHxwaG90by1wYWdlfHx8fGVufDB8fHx8fA%3D%3D",
            "description":"Need a new office chair? This leather Haworth chair is for you. Made with high-quality components, this chair is made to support up to 8 hours of daily use and up to 300 lbs. As with all Haworth products, this comes with a 2-year manufacturer's warranty.",
            "price":"$239.99",
            "numberAvailable":"5"
        },
        {
            "id": 13,
            "name":"KIVIK Leather Sofa",
            "img": "https://images.unsplash.com/photo-1540574163026-643ea20ade25?q=80&w=1170&auto=format&fit=crop&ixlib=rb-4.1.0&ixid=M3wxMjA3fDB8MHxwaG90by1wYWdlfHx8fGVufDB8fHx8fA%3D%3D",
            "description":"Looking for a new couch? Look no further than this KIVIK leather sofa with removable oak legs and 8 high-quality leather cushions for maximum comfort. This product is available in white, brown, and black.",
            "price":"$799.99",
            "numberAvailable":"3"
        },
        {
            "id": 14,
            "name":"Blue Diane Sofa",
            "img": "https://images.unsplash.com/photo-1634497885778-152eb6fd543d?q=80&w=1170&auto=format&fit=crop&ixlib=rb-4.1.0&ixid=M3wxMjA3fDB8MHxwaG90by1wYWdlfHx8fGVufDB8fHx8fA%3D%3D",
            "description":"Looking for a modern/contemporary style for your home? This Modern Blue Diane sofa is what you need. It was made with high-quality oak and leather, to provide maximum comfort and durability to the user.",
            "price":"$899.99",
            "numberAvailable":"4"
        },
        {
            "id": 15,
            "name":"Jayce 5-piece Sectional",
            "img":"https://images.unsplash.com/photo-1743059199976-b709ec1e35f8?q=80&w=1226&auto=format&fit=crop&ixlib=rb-4.1.0&ixid=M3wxMjA3fDB8MHxwaG90by1wYWdlfHx8fGVufDB8fHx8fA%3D%3D",
            "description":"Looking for a new luxury couch for your living space? This Jayce sectional is for you. It is a high-end, white leather 5-piece sectional. The ends of the couch also provide storage, and there is a cup holder that doubles as an armrest for one of the reclining seats.",
            "price":"$2299.99",
            "numberAvailable":"5"
        },
        {
            "id": 16,
            "name":"Patio Set",
            "img": "https://images.unsplash.com/photo-1577421759415-bba870669383?q=80&w=1171&auto=format&fit=crop&ixlib=rb-4.1.0&ixid=M3wxMjA3fDB8MHxwaG90by1wYWdlfHx8fGVufDB8fHx8fA%3D%3D",
            "description":"Our patio set includes an outdoor couch with a teak base and solution-dyed acrylic cushions, a matching teak table with a sturdy metal base, and two large plants. 2 exterior Philips lights are included as well (not pictured).",
            "price":"$1199.99",
            "numberAvailable":"4"
        }
    ]
}